name,email,cpf,city,state
Mariana Assunção Barros Filho,furtado.miranda@gmail.com,538.068.345-20,Vila Nicole,Pernambuco
Dr. Valentin Fontes,micaela34@ig.com.br,404.626.277-05,Santa Luara,Goiás
João Colaço Matias Neto,luna41@pedrosa.org,521.822.771-45,Michele do Norte,Piauí
Teobaldo Montenegro Sobrinho,yesteves@montenegro.com,991.565.037-09,Ávila do Sul,Amazonas
Dr. Mário Tomás Maldonado,spedrosa@r7.com,992.439.461-53,Vila Adriano do Sul,Minas Gerais
Sra. Micaela Sandoval Gil Jr.,hramires@esteves.com.br,706.427.891-00,Ferreira do Norte,Tocantins
Fátima Fontes Jr.,amelia61@gmail.com,512.844.312-40,Porto Luara,Maranhão
Isabel Norma Leal,francisco.dasneves@desouza.br,102.412.752-45,Santa Giovana,Rio de Janeiro
Srta. Norma Galvão,abril95@gmail.com,491.719.019-30,Colaço do Norte,Mato Grosso do Sul
Miguel Vila,hfranco@lira.net,586.006.849-27,Santa Samanta do Leste,Acre
Manuel Quintana,joao.delatorre@roque.net,116.977.642-66,Vila Camila do Norte,Minas Gerais
Lucas Campos,fontes.sabrina@gmail.com,340.632.679-03,Porto Paulina,Alagoas
Isadora Josefina Padilha Neto,hzambrano@uol.com.br,660.718.964-44,Clara do Norte,Espírito Santo
Anderson Sepúlveda Jr.,felipe35@serra.com,927.784.865-00,Neves do Norte,São Paulo
Evandro Cervantes,brodrigues@hotmail.com,305.064.292-02,Ivana do Norte,Pernambuco
Giovane Lucas Marin,serna.tomas@marin.com,231.600.512-85,Guerra do Leste,Bahia
Dr. Martinho Ian Marin Neto,eestrada@gmail.com,463.770.429-49,Solano do Sul,Santa Catarina
Fábio Ortiz Neves,wteles@oliveira.com,805.964.126-30,Vila Gabriel,Rio de Janeiro
Dr. Horácio Burgos,franco.carla@yahoo.com,402.846.492-79,Carlos do Norte,Piauí
Manuela Manuela Espinoza,mateus45@zamana.br,551.448.509-95,Porto Mário do Leste,Santa Catarina
Simão Santacruz,violeta85@marin.org,077.717.577-07,Rodrigo d'Oeste,Piauí
Srta. Norma Aragão Sobrinho,grego.isadora@azevedo.net,654.134.632-19,Santa Julieta do Norte,Distrito Federal
Nádia Paula Batista,salas.bianca@gmail.com,050.781.634-09,Branco do Sul,Mato Grosso do Sul
Dr. Agostinho Balestero,ortega.irene@uol.com.br,691.075.353-41,Santa Máximo,Mato Grosso do Sul
Sra. Ashley Montenegro,yflores@hotmail.com,149.206.852-70,Vila Hernani,Rio Grande do Sul
Dr. Michele das Dores Saraiva,dante.campos@yahoo.com,279.585.149-05,Porto Clara do Sul,Rio Grande do Sul
Helena Sabrina Sanches,rosa.martinho@ig.com.br,967.858.345-38,Santana do Leste,Distrito Federal
Ian Noel Romero,galhardo.estevao@casanova.com,375.923.943-91,Sabrina d'Oeste,Rio Grande do Norte
Dr. Josefina Helena Carmona,alexandre.aguiar@santacruz.org,441.551.334-40,Valéria do Leste,Espírito Santo
Sra. Olívia Gusmão Leal Filho,noel.toledo@fontes.br,657.705.028-78,Alonso do Norte,Rondônia
Dr. Ivan Oliveira Rivera Filho,martines.diego@dasneves.com.br,285.992.500-78,São Michele do Sul,São Paulo
Sr. Vicente Perez Vega Sobrinho,gusmao.josue@esteves.com,513.852.925-04,Santa Mateus,Amapá
Sofia Dominato,corona.pablo@camacho.net.br,539.947.286-49,Sandoval do Sul,Alagoas
Manuel Solano Sobrinho,urias.paulina@r7.com,920.030.662-41,Teobaldo d'Oeste,Minas Gerais
Sr. Agostinho Matos Ferreira,gil.sabrina@feliciano.com,458.471.613-79,São Ornela do Norte,Rio Grande do Norte
Dr. Júlia Queirós,kevin41@ig.com.br,555.003.024-18,Santa Horácio,Amapá
Madalena Rocha Galindo Jr.,gabriela45@soares.com,396.436.778-85,Ortiz do Norte,Espírito Santo
Sr. Rodrigo Inácio Brito,nserrano@ig.com.br,503.870.440-94,Nicole do Sul,Mato Grosso do Sul
Dr. Francisco Ramires,elias36@hotmail.com,115.063.962-83,Porto Emílio do Norte,Santa Catarina
Gian Pedrosa Jr.,zmascarenhas@espinoza.com,291.235.710-12,Madeira do Norte,Mato Grosso
Dr. Taís Agustina Romero,isabel53@uol.com.br,432.533.497-13,Solano d'Oeste,Piauí
Violeta Campos Urias,daniel.delatorre@pereira.com,256.668.841-90,Vale d'Oeste,Acre
Noel Salas Sobrinho,jaguiar@padilha.br,169.437.401-72,Samanta d'Oeste,Espírito Santo
Sr. Demian Queirós,medina.pedro@terra.com.br,708.833.763-00,Santa Amélia do Leste,Pernambuco
Sofia Joana Carmona Sobrinho,benjamin.santiago@ferminiano.com.br,312.960.047-75,Santa Fernando,Rio Grande do Sul
Dr. Adriana Regina Campos Neto,zestrada@terra.com.br,422.379.098-65,Santa Ivan do Leste,Sergipe
Micaela Delatorre Filho,mario.toledo@cruz.net,570.177.212-84,Caldeira d'Oeste,Bahia
Sr. Pablo Lovato Jr.,rafaela02@serrano.br,281.562.738-85,São Valéria do Leste,Mato Grosso do Sul
Sra. Julieta Meireles Zambrano Neto,wferreira@r7.com,326.878.641-37,São Renata do Norte,Acre
Dr. Malena Serra Delvalle,martinho91@uol.com.br,824.882.358-06,Porto Rafael,Maranhão
Fabiana Verdugo,wgalhardo@valentin.br,801.535.984-84,Paz do Sul,Espírito Santo
Nicole Abreu Galvão Jr.,ferreira.guilherme@salas.com.br,595.382.665-60,Sepúlveda do Norte,Amapá
Ariadna Carrara Paz,simon.solano@rocha.br,860.680.845-82,Santa Natal do Sul,Mato Grosso
Srta. Tessália Verdara Jr.,vpacheco@cervantes.com,076.455.587-17,Julieta do Leste,Mato Grosso do Sul
Dr. Thiago Montenegro Sobrinho,joao48@uol.com.br,584.044.941-50,São Benjamin d'Oeste,São Paulo
Sr. Alonso Antônio Salazar Sobrinho,prado.abril@campos.net.br,458.807.976-00,Espinoza do Norte,Pernambuco
Fabiana Abril Dias Jr.,henrique.cortes@furtado.org,333.720.354-02,Porto Constância,Tocantins
Srta. Abgail Luana de Souza,rvila@r7.com,059.432.718-05,São Vitória,Rondônia
Dr. Bruno Josué Vasques,tabata.caldeira@beltrao.net.br,838.506.804-01,Vila Salomé do Leste,Distrito Federal
Evandro Noel Torres,josue05@gmail.com,162.080.685-17,Porto Ivan do Leste,São Paulo
Abgail Ortiz Assunção Jr.,ferminiano.simao@ferraz.com,146.166.291-53,Jimenes do Leste,Rondônia
Srta. Emília Zambrano Guerra,vferraz@gmail.com,339.183.293-21,São Ana,Minas Gerais
Dr. Ashley Fabiana Domingues Jr.,ldasilva@fernandes.net.br,196.424.096-40,Santa Leonardo do Leste,Tocantins
Sérgio Rico de Aguiar Filho,rebeca.deoliveira@torres.com.br,842.443.040-96,Santa Jerônimo,Paraná
Sra. Abril Neves Vale Jr.,abreu.horacio@gil.com.br,338.935.453-01,São Vitória,Distrito Federal
Sérgio Ramos,deoliveira.teobaldo@r7.com,218.595.155-68,Sofia do Sul,Piauí
Sr. Ian Romero,martines.ivana@gmail.com,655.707.750-30,Oliveira do Norte,Espírito Santo
Daniel Valdez Ávila,lcruz@ig.com.br,031.764.679-66,Feliciano do Leste,Rondônia
Sr. Simon Vieira Abreu Filho,clara69@gmail.com,166.794.446-08,Vila Julieta,Rio Grande do Sul
Srta. Renata Lutero Cortês,duchoa@terra.com.br,006.653.527-19,Delgado do Norte,Amazonas
Tábata Bianca Mendonça,cescobar@yahoo.com,095.344.604-27,Joaquin do Leste,Minas Gerais
Sophie Corona Gil,marques.sophie@gmail.com,219.123.411-90,Maia do Sul,Piauí
Sr. Evandro Hugo Mendes,salas.alonso@yahoo.com,726.361.424-36,Melissa d'Oeste,Sergipe
Srta. Rebeca Domingues Teles Filho,bianca70@r7.com,984.278.143-72,Alma d'Oeste,Pernambuco
Natal Jorge Lutero,hernani64@terra.com.br,552.255.220-41,Vila Mariana,Paraíba
Srta. Adriana Salas Sobrinho,xescobar@lutero.com,893.385.481-98,Quintana d'Oeste,Tocantins
Dr. Natal Ricardo Vieira Jr.,gustavo95@zaragoca.com,216.296.820-71,Joaquin do Leste,Goiás
Dr. Carolina Queirós Jr.,zortiz@yahoo.com,527.780.426-95,Porto Sofia,Sergipe
Sra. Pâmela da Rosa Neto,jeronimo72@ferreira.com,947.132.680-03,Vila Alexandre,Mato Grosso do Sul
Josué Prado Jr.,fatima.bittencourt@vasques.org,759.898.580-43,Ferminiano do Sul,Roraima
Sr. Christian Vila Dominato,dcamacho@romero.com,870.044.870-24,Cortês do Leste,Paraíba
Sra. Luciana de Souza Matias,jpena@pontes.com.br,364.467.196-63,Quintana do Sul,Rio de Janeiro
Srta. Elizabeth Rosa Ferreira Filho,leonardo95@gil.com,250.734.269-24,Vila Thales,Ceará
Juliana Renata Mendonça Filho,luzia.tamoio@pereira.org,147.709.875-52,Norma d'Oeste,Paraíba
Srta. Andrea Samanta Padilha Neto,dvila@prado.net.br,826.316.903-89,Santa Rafael,Paraíba
Dr. Antônio Quintana Pereira Filho,hdominato@sales.net,647.491.714-84,Bonilha do Leste,Tocantins
Pedro Pedrosa Sobrinho,kferminiano@cruz.com,028.633.938-20,Ivan d'Oeste,Mato Grosso do Sul
Sr. Matias Maximiano Paz Sobrinho,garcia.maximiano@ig.com.br,061.123.307-09,Tamoio do Leste,Espírito Santo
Pedro Valdez Leon Sobrinho,rverdara@benites.net,572.506.842-05,São Pablo d'Oeste,Sergipe
Abril Rezende Escobar,fcampos@r7.com,418.214.883-50,Matias do Norte,Rio Grande do Norte
Elias Rangel Jr.,gomes.samanta@salazar.org,357.225.826-03,Porto Luis,Rio Grande do Sul
Melissa Rosa Leal,maite.padilha@yahoo.com,430.841.030-46,Rodrigues d'Oeste,Paraíba
Noel Uchoa Reis,dcarrara@medina.net,783.025.501-67,Santa Antonieta,Paraná
Dr. Benjamin Leal Toledo,tmaia@desouza.com,806.718.499-21,Rafael do Leste,Paraíba
Simão Bonilha Filho,christian.escobar@hotmail.com,109.620.344-87,Galindo do Leste,São Paulo
Dr. Antônio Hernani Ferreira,alan.delatorre@flores.net,693.434.597-50,Porto Ricardo,Distrito Federal
Sr. David Valência Estrada Neto,maite56@dominato.net.br,391.971.427-00,Porto Laura,Paraíba
Dr. Rafaela Samanta Cervantes,qmadeira@hotmail.com,720.279.851-40,Carlos do Norte,Maranhão
Srta. Bianca Sepúlveda Gusmão Jr.,malena85@barros.com,819.336.857-60,Quintana d'Oeste,Bahia
Dr. Melissa Serna Santacruz,matias.urias@hotmail.com,434.809.219-22,Vila Natália d'Oeste,Roraima
